French,English
partie,part
chercher,search
seulement,only
police,police
pensais,thought
aide,help
demande,request
genre,kind
mois,month
frÃ¨re,brother
laisser,let
car,because
mettre,to put
aucun,no
laisse,leash
eux,them
ville,city
chaque,each
parlÃ©,speak
arrivÃ©,come
devrait,should
bÃ©bÃ©,baby
longtemps,long time
heures,hours
vont,will
pendant,while
aucune,any
place,square
parle,speak
compris,understood
savais,knew
attention,Warning
voici,here is
pourrais,could
affaire,case
type,type
leurs,their
donnÃ©,given
train,train
corps,body
endroit,place
yeux,eyes
faÃ§on,way
Ã©coute,listen
dont,whose
trouve,find
premier,first
perdu,lost
main,hand
premiÃ¨re,first
cÃ´tÃ©,side
pouvoir,power
vieux,old
sois,be
tiens,here
tellement,so much
enfant,child
point,point
suite,after
venez,come
devant,in front of
vers,towards
minutes,minutes
demandÃ©,request
chambre,bedroom
mis,placed
belle,beautiful
droit,law
aimerais,would like to
aujourd'hui,today
mari,husband
espÃ¨re,hope
eau,water
attendez,Wait
parti,left
nouvelle,new
boulot,job
arrÃªter,Stop
dirait,would say
terre,Earth
compte,account
donne,given
croire,believe
chÃ©rie,sweetheart
gros,large
plutÃ´t,rather
aura,will have
jouer,to play
bureau,office
